filename,right_shoulder_x,right_shoulder_y,right_hip_x,right_hip_y,right_knee_x,right_knee_y,right_ankle_x,right_ankle_y,right_heel_x,right_heel_y,right_foot_index_x,right_foot_index_y,Label
frame_00000.jpg,395.13,105.62,374.61,220.57,354.81,286.97,262.02,308.25,249.39,301.77,236.22,331.91,1
frame_00001.jpg,392.05,104.78,371.59,220.31,357.04,291.47,264.63,304.51,256.6,295.76,238.19,328.36,1
frame_00002.jpg,392.9,111.17,374.48,221.91,357.02,296.56,269.37,302.24,259.99,294.26,241.35,326.28,1
frame_00003.jpg,389.66,108.74,371.75,223.29,365.59,303.38,275.48,299.83,270.62,288.54,249.85,321.11,1
frame_00004.jpg,391.8,124.32,370.7,234.23,375.43,303.79,285.33,296.78,276.56,288.37,259.05,322.37,1
frame_00005.jpg,391.31,122.71,369.04,231.16,386.25,310.43,294.03,302.42,281.47,298.25,266.15,329.93,1
frame_00006.jpg,393.72,117.33,370.89,234.01,399.43,316.19,300.91,303.45,292.93,295.72,268.65,342.21,1
frame_00007.jpg,392.79,119.41,367.81,236.49,406.92,330.72,313.33,308.28,304.69,298.98,285.42,341.97,1
frame_00008.jpg,391.45,121.84,372.69,238.5,407.48,327.56,322.33,314.46,311.51,303.52,299.54,348.16,1
frame_00009.jpg,393.61,121.44,372,231.46,407.7,324.79,330.69,313.98,320.2,299.7,312.21,337.24,1
frame_00010.jpg,393.79,124.65,369.64,233.64,419.83,325,335.72,320.56,327.47,313.82,327.52,353.93,1
frame_00011.jpg,389.25,119.51,365.42,234.03,425.44,317.72,342.19,336.66,329.69,332.66,332.94,371.59,1
frame_00012.jpg,387.34,113.41,370.17,228.99,421.47,308.84,351.92,357.13,334.11,355.9,352.93,386.84,1
frame_00013.jpg,387.69,112.31,372.91,229,433.84,302.24,356.86,346.86,345.38,349.1,366.22,385.03,1
frame_00014.jpg,382.8,109.99,372.63,228.03,444.87,298.53,362.54,349.03,346.66,349.61,376.61,387.68,1
frame_00015.jpg,385.02,105.28,373.58,223.06,409.34,309.88,347.47,361.44,331.76,362.55,354.21,395.91,1
frame_00016.jpg,382.68,101.36,369.35,227.76,339.87,318.19,274.77,389.29,259.19,401.62,286.76,436.46,1
frame_00017.jpg,381.47,100.54,368.62,227.79,412,309.11,334.32,368.49,316.37,371.2,338.47,402.58,1
frame_00018.jpg,383.16,98.04,372.71,223.35,461.06,286.57,415.74,375.03,398.26,387.54,445.82,406.4,1
frame_00019.jpg,382.13,98.02,372.03,224.51,459.8,288.07,422.64,383.3,406.6,394.42,451.08,404.55,1
frame_00020.jpg,382.17,95.62,372.72,222.14,454.39,292.02,438.44,395.04,428.12,409.35,464.56,419.66,1
frame_00021.jpg,381.93,96.03,370.99,219.63,337.17,314.66,280.32,361.79,265.76,369.63,282.47,384.06,1
frame_00022.jpg,382.49,94.89,378.47,220.46,445.7,298.32,377.45,384.76,360.83,394.53,398.98,409.63,1
frame_00023.jpg,383.68,93.14,374.16,220.7,408.07,316.43,351.23,376.02,336.21,382.5,364.09,402,1
frame_00024.jpg,384.6,96.99,379.2,224.21,449.53,311.31,440.01,410.42,426.86,422.5,475.66,431.23,1
frame_00025.jpg,384.28,97.84,373.61,224.73,340.01,315.65,248.26,337.9,228.87,320.8,222.11,363.16,1
frame_00026.jpg,387.08,98.93,375.93,224.61,342.37,314.37,247.17,325.07,232.57,311.53,219.91,352.82,1
frame_00027.jpg,384.79,101.83,373.57,226.96,349.73,320.11,268.99,320.07,241,300.19,257.77,339.18,1
frame_00028.jpg,384.75,106.77,368.86,228.05,361.72,311.07,269.32,323.15,251.55,300.07,241.55,336.33,1
frame_00029.jpg,382.45,106.25,365.15,227.38,362.79,311.92,266.3,312.57,256.89,293.06,235.52,332.89,1
frame_00030.jpg,386.46,110.11,365.02,229.58,365.38,308.53,267.63,303.41,262.97,284.92,242.08,327.93,1
frame_00031.jpg,384.47,112.75,364.47,232.89,368.98,308.65,273.08,293.68,269.35,282.16,248.48,326.44,1
frame_00032.jpg,389.06,113.28,363.01,225.45,395.36,312.62,310.24,305.3,297.86,294.74,273.26,322.22,1
frame_00033.jpg,390.03,116.89,363.85,234.04,409.84,341.01,356.03,377.68,343.27,375.16,355.19,408.65,1
frame_00034.jpg,391.38,117.65,365.43,235.26,415.5,330.6,330.55,357.77,314.48,355.33,323.91,391.39,1
frame_00035.jpg,397.24,118.76,371.49,234.51,420.55,334.07,378.62,422.23,362.28,431.22,404.04,445.5,1
frame_00036.jpg,394.46,114.94,372.52,226.7,422.22,318.75,335.61,331.18,318.68,309.49,310.25,354.81,1
frame_00037.jpg,394.1,116.51,374.29,220.92,428.38,305.38,361.77,357.51,345.69,357.61,362.65,391.95,1
frame_00038.jpg,392.76,117.93,370.4,231.5,420.14,327.14,347.62,354.88,333.74,349.46,337.82,388.13,1
frame_00039.jpg,392.41,111.56,374.53,226.47,414.21,319.69,346.6,325.04,340.83,319.58,337.88,356.67,1
frame_00040.jpg,394.77,113.33,381.5,233.18,423.2,322.59,349.98,357.22,334.77,361.45,352.12,389.32,1
frame_00041.jpg,394.75,113.41,378.99,233.47,399.77,317.78,338.19,372.61,324.27,374.91,341.46,405.01,1
frame_00042.jpg,390.79,112.43,375.12,235.07,360.59,326.57,291.89,394.25,278.92,399.73,303.51,427.5,1
frame_00043.jpg,393.3,111.98,379,239.39,345.92,333.35,278.49,400.39,262.81,401.67,289.18,421.94,1
frame_00044.jpg,394.07,109.71,376.65,235.62,341.41,322.3,269.32,390.93,253.25,394.4,272.64,422.58,1
frame_00045.jpg,391.36,108.06,381.52,233.74,343.65,316.49,267.65,382.2,254.24,384.05,264.32,420.27,1
frame_00046.jpg,385.01,107.71,380.38,231.36,341.29,314.76,265.6,374.58,249.96,378.57,256.88,412.29,1
frame_00047.jpg,385.27,107.34,378.53,230.12,342.29,313.95,257.79,370.71,245.47,371.68,248.04,415.74,1
frame_00048.jpg,386.86,104.12,381.81,227.05,342.73,313.6,247,355.66,235.6,354.9,235.32,390.45,1
frame_00049.jpg,386.91,105.4,383.15,229.52,344.97,312.11,247.46,348.89,235.6,347.26,232.19,383.01,1
frame_00050.jpg,388.23,104.16,385.55,229.69,346.85,311.73,247.08,341.71,234.63,340.13,232.28,369.98,1
frame_00051.jpg,392.83,105.24,385.96,226.61,345.66,311.64,250.41,337.04,241.44,333.19,235.4,361.92,1
frame_00052.jpg,395.13,110,384.9,228.54,341.52,314.05,249.66,324.41,240.19,319.58,233.25,354.47,1
frame_00053.jpg,396.93,111.56,386.77,227.85,342.96,313.12,252.62,317.43,241.63,312.66,230.94,340.53,1
frame_00054.jpg,396.41,112.05,385.55,227.21,344.61,316.5,254.96,312.74,247.64,303.72,234.98,332.06,1
frame_00055.jpg,401.75,113.11,386.85,232.64,349.28,321.48,257.93,309.51,251.11,301.02,243.69,326.76,1
frame_00056.jpg,401.66,113.64,384.55,229.17,354.39,315.84,264.14,303.74,258.93,293.23,234.31,325.87,1
frame_00057.jpg,406.99,118.16,386.33,234.25,358.62,306.54,273.52,301.83,266.87,290.76,245.02,322.01,1
frame_00058.jpg,392.9,124.25,384.87,237.53,364,304.6,284.15,298.71,278.99,287.42,270.21,318.54,1
frame_00059.jpg,402.74,120.86,381.6,229.83,371.52,292.38,296.51,299.63,287.31,291.03,266.42,317.66,1
frame_00060.jpg,399.4,121.95,379.41,235.94,391.78,313.42,302.85,297.87,297.07,292.52,275.16,326.64,1
frame_00061.jpg,401.29,121.8,380.27,233.29,404.69,323.41,316.59,301.82,308.17,291.01,284.61,327.97,1
frame_00062.jpg,400.49,124.31,380.16,238.01,416.72,326.5,324.46,307.52,315.07,299.83,292.84,339.98,1
frame_00063.jpg,401.08,119.95,381.33,230.66,424.59,308.87,325.44,305.09,316.18,298.17,298.33,340.17,1
frame_00064.jpg,400.79,121.04,379.44,228.38,419.67,323.44,337.71,310.59,329.62,297.34,317.65,342.32,1
frame_00065.jpg,405,122.75,386.22,235.27,432.66,323.98,341.06,317.92,332.04,308.53,325.55,355.1,1
frame_00066.jpg,403.54,119.14,385.66,232.99,443.02,321.75,351.22,353.05,337,337.94,337.88,378.38,1
frame_00067.jpg,397.76,113.49,382.34,225.16,444.7,313.46,363.86,339.41,345.09,324.61,354.82,373.3,1
frame_00068.jpg,398.8,109.54,381.31,219.81,436.39,302.49,365.1,341.06,349.02,340.69,364.71,379.81,1
frame_00069.jpg,399.54,107.9,379.77,227.04,435.02,302.13,368.54,349.04,354.4,350.93,380.68,387.89,1
frame_00070.jpg,400.66,107.07,376.91,232.76,457.87,292.54,382.59,351.6,365.76,354.85,399.74,391.37,1
frame_00071.jpg,399.72,102.55,379.44,224.71,460.95,283.31,395.06,354.94,376.07,359.36,409.89,391.45,1
frame_00072.jpg,393.64,96.05,375.34,216.69,440.15,310.16,366.38,372.91,347.39,374.79,374.47,410.24,1
frame_00073.jpg,393.98,96.64,378.83,220.89,458.36,290.73,419.69,372.54,402.55,384.63,446.44,400.85,1
frame_00074.jpg,394.14,95.73,376.96,217.44,466.88,284.25,420.27,381.38,414.43,390.7,455.17,404.83,1
frame_00075.jpg,391.52,93.19,380.23,217.72,467.75,286.57,440.01,385.97,425.26,397.94,472.58,410.79,1
frame_00076.jpg,389.29,90.46,380.41,215.9,466.36,296.27,434.72,402.05,437.19,414.04,469.27,427.07,1
frame_00077.jpg,389.66,90.31,386,216.66,466.32,292.85,462.29,401.7,451.86,419.3,507.4,413.86,1
frame_00078.jpg,388.87,92.3,384,214.89,464.84,295.41,470.04,401.85,461.66,417.79,511.6,410.16,1
frame_00079.jpg,390.55,92.16,383.57,217.16,459.92,298.37,477.37,401.74,468.94,418.93,514.08,427.31,1
frame_00080.jpg,394.07,94.91,384.82,222.96,457.21,306.8,484.78,407.98,479.69,428.02,523.21,414.54,1
frame_00081.jpg,392.69,96.81,383.49,223.81,356.47,310.57,282,310.82,251.82,302.56,272.52,329.78,1
frame_00082.jpg,395.12,96.94,377.58,219.96,346.04,310.47,256.28,313.49,242.67,299.07,230.85,342.66,1
frame_00083.jpg,394.74,98.39,375.55,217.61,344.82,308.58,258.77,308.37,248.12,293.39,231.41,335.96,1
frame_00084.jpg,392.83,106.42,370.79,218.26,358.91,319.24,270.53,296.67,259.65,285.55,242.32,322.4,1
frame_00085.jpg,390.01,108.87,362.51,223.57,354.54,312.76,270.52,297.9,264.79,291.33,243.18,327.13,1
frame_00086.jpg,393.16,113.28,372.25,225.92,365.23,300.87,278.07,291.15,272.41,280.96,256.42,316.71,1
frame_00087.jpg,391.36,112.46,362.87,221.11,378.99,305.4,286.63,293.75,280.03,276.95,257.03,318.9,1
frame_00088.jpg,399.34,111.41,360.43,208.17,389.86,306.43,319.82,295.16,303.77,278.34,289.32,310.41,1
frame_00089.jpg,398.47,118.16,375.49,234.17,398.71,315.29,320.39,338.74,307.31,334.56,310.14,369.92,1
frame_00090.jpg,399.19,116.42,380.75,234.61,425.3,332.59,355.1,368.96,340.85,364.85,351.66,404.88,1
frame_00091.jpg,402.06,117.67,379.73,237.38,423.74,334.08,353.42,368.39,338.75,364.91,348.56,403.42,1
frame_00092.jpg,401.93,117.19,383.5,224.58,423.94,315.99,337.16,327.64,321.37,308.06,317.08,352.39,1
frame_00093.jpg,399.03,116.38,381.75,222.14,436.97,307.42,370.91,317.31,357.59,309.15,364.28,346.15,1
frame_00094.jpg,402.93,114.81,379.24,232.9,420.15,332.89,339.4,355.89,324.77,350.11,327.66,387.14,1
frame_00095.jpg,400.42,111.89,376.9,228.94,396.29,330.05,347.22,388.89,334.07,392.07,348.94,420.13,1
frame_00096.jpg,400.37,107.42,388.32,229.18,414.56,320.34,342.74,374.11,326.71,374.62,343.19,409.44,1
frame_00097.jpg,400.02,107.98,385.25,225.06,409.47,314.4,351.59,366.79,338.15,368.65,360.21,390.05,1
frame_00098.jpg,401.75,109.7,393.77,220.48,407.52,308.11,345.76,362.65,331.87,364.95,347.27,395.27,1
frame_00099.jpg,398.52,107.74,388.95,231.19,358.56,328.46,293.33,393.41,275.32,399.68,299.67,424.87,1
frame_00100.jpg,393.61,105.33,385.36,229.24,351.22,316.48,276.68,386.55,259.49,386.72,280.19,412.79,1
frame_00101.jpg,389.48,104.22,383.76,230.78,346.65,315.22,274.47,381.26,257.59,384.54,271.59,416.56,1
frame_00102.jpg,393.54,102.86,383.32,227.88,347.53,311.59,270.97,373.68,256.54,375.34,267.69,414.33,1
frame_00103.jpg,389.86,102.71,384.15,227.48,347.49,311.71,264.16,373.12,250.95,374.97,257.75,410.11,1
frame_00104.jpg,390.77,104.44,387.68,226.78,347.82,310.18,255.52,357.76,244.8,357.08,243.59,395.9,1
frame_00105.jpg,390.75,103.06,387.92,225.72,348.11,310.13,253.84,351.12,241.31,351.25,238.8,385.42,1
frame_00106.jpg,391.09,103.59,388.49,228.59,350.52,309.15,251.84,344.53,241.97,343.53,235.37,381.26,1
frame_00107.jpg,392.4,102.93,388.51,227.6,350.91,306.49,253.29,336.36,242.8,335.04,237.69,367.71,1
frame_00108.jpg,399.87,105.27,391.09,224.12,353.55,310.36,259.82,322.03,252.56,317.12,257.64,343.71,1
frame_00109.jpg,397.23,107.85,389.56,228,350.63,308.99,258.07,318.58,249.7,312.2,244.61,339.05,1
frame_00110.jpg,395.77,113.63,386.59,231.59,347.89,316.55,260.4,314.09,252.25,305.78,239.74,334.18,1
frame_00111.jpg,398.19,110.3,391.72,225.27,346.65,296.8,262.91,308.47,256.37,302.09,241.19,328.17,1
frame_00112.jpg,401.6,109.83,387.14,228.99,355.7,297.04,272.11,308.16,264.95,297.69,245.16,325.83,1
frame_00113.jpg,401.68,111.15,387.21,223.12,357.37,296.5,278.11,299.84,272.4,292.03,255.15,319.82,1
frame_00114.jpg,398.38,114.87,383.44,227,359.72,301.76,282.43,299.41,277.44,288.02,263.23,318.77,1
frame_00115.jpg,400.1,119.14,388.66,224.02,366.23,298.78,291.27,299.75,285.86,290.32,266.36,320.8,1
frame_00116.jpg,399.31,117.65,381.09,227.68,386.77,303.42,306.81,303.95,299.07,296.79,277.4,325.7,1
frame_00117.jpg,399.32,122.53,388,237.42,406.74,326.81,319.81,307.15,307.31,299.21,294.09,340.31,1
frame_00118.jpg,399.18,121.28,380.73,232.8,415.12,321.78,321.71,304.31,309.03,294.41,291.41,336.46,1
frame_00119.jpg,402.42,124.89,384.38,236.73,423.56,325.98,327.46,311.39,315.82,303.69,303.05,345.59,1
frame_00120.jpg,405.38,120.39,391.07,230.95,428.73,326.64,336.18,318.27,326.09,308.94,321.6,355.71,1
frame_00121.jpg,401.45,121.61,385.35,232.76,430.75,326.52,343.77,320.76,334.44,312.75,328.07,356.44,1
frame_00122.jpg,404.35,121.55,383.87,228.29,434.13,312.99,348.45,322.62,339.14,317.22,336.09,357.58,1
frame_00123.jpg,401.08,117.1,383.61,226.4,432.5,309.08,351.2,333.02,342.32,330.1,347.06,363.84,1
frame_00124.jpg,402.84,115.43,383.32,231.92,457.24,302.28,372.53,342.88,356.29,347.75,374.37,385.93,1
frame_00125.jpg,396.96,109.98,381.52,226.61,431.68,311.67,366.08,350.2,353.96,350.6,376.84,385.72,1
frame_00126.jpg,397.47,109.14,377.61,234.54,460.66,298.9,373.16,352.7,357.78,356.95,387.39,394.72,1
frame_00127.jpg,390.8,103.49,374.8,227.34,385.36,320.44,299.47,393.59,283.02,401.88,312.28,434.16,1
frame_00128.jpg,388.77,99.45,376.8,224.26,464.1,281.78,413.02,366.24,390.5,373.84,433.03,403.06,1
frame_00129.jpg,388.4,97.22,373.76,216.92,462.95,283.23,416.94,373.96,398.39,384.88,425.5,413.36,1
frame_00130.jpg,386.98,95.47,374.54,220.73,431.43,311.2,370.97,386.72,352.06,394.81,389.16,415.79,1
frame_00131.jpg,383.65,93.05,378.39,215.83,466.34,288.67,431.01,390.92,413.75,404.45,462.81,412.55,1
frame_00132.jpg,387.37,91.16,382.13,215.41,428.99,312.11,371.08,373.64,354.21,380.37,388.1,398.43,1
frame_00133.jpg,387.21,91.54,378,215.86,347.49,311.2,284.35,363.72,270.26,371.66,282.77,387.36,1
frame_00134.jpg,387.85,95.03,382.54,219.65,456.88,299.23,467.08,402.26,459.12,415.02,510.08,408.88,1
frame_00135.jpg,387.97,93.56,378.59,223.72,454.57,302.55,471.02,403,459.76,417.4,509.29,412.57,1
frame_00136.jpg,388.93,93.28,384.47,222.04,452.03,305.91,478.74,405.52,472.73,422.8,517.8,432.9,1
frame_00137.jpg,388.61,94.86,385.05,224.76,454.3,309.03,480.84,407.24,472.4,425.42,523,440.37,1
frame_00138.jpg,389.35,96.19,381.18,222.91,352.96,311.71,265.8,317.24,243.87,303.67,236.2,347.75,1
frame_00139.jpg,390.81,96.77,387.28,218.12,448.48,311.96,470.32,404.69,465.02,423.12,511.81,414.94,1
frame_00140.jpg,388.5,101.5,373.5,220.25,353.28,313.18,264.02,308.62,254.33,292.43,236.6,335.48,1
frame_00141.jpg,389.33,102.55,368.49,218.24,352.53,312.52,263.35,300.66,259.33,291.04,242.01,330.43,1
frame_00142.jpg,389.59,104.11,366.56,221.39,371.19,305.9,277.73,299.49,269.78,282.61,249.27,324.86,1
frame_00143.jpg,392,108.28,367.98,225.84,371.2,301.48,276.95,289.82,273.33,279.75,255.3,321.26,1
frame_00144.jpg,392.68,112.79,364.94,226.81,396.12,319.1,324.86,343.96,311.88,340.95,317.27,371.5,1
frame_00145.jpg,392.45,112.08,372.62,234.2,424.11,338.71,363.53,379.98,351.64,377.19,359.15,417,1
frame_00146.jpg,391.23,112.26,375.81,235.18,421.9,330.67,351.1,368.13,338.89,364.97,343.99,407.56,1
frame_00147.jpg,397.67,115.69,377.17,234.76,416.43,328.36,333.41,352.35,318.51,347.63,321.53,387.08,1
frame_00148.jpg,394.74,115.81,374.57,226.9,411.23,316.1,332.05,323.05,319.66,298.81,306.73,346.41,1
frame_00149.jpg,397.33,116.55,373.14,225.41,412.36,318.62,330.51,312.62,320.65,306.19,312.43,346.11,1
frame_00150.jpg,396.7,115.5,378.08,222.67,412.35,314.03,356.33,351.89,343.66,349.85,355.15,382.01,1
frame_00151.jpg,391.8,111.82,375.28,227.75,396.94,322.85,341.32,362.78,330.09,360.84,333.99,394.88,1
frame_00152.jpg,397.65,109.79,383.28,227.72,424.01,312.31,356.12,339.59,342.95,334.52,348.37,371.98,1
frame_00153.jpg,398.33,112.23,385.29,230.81,403.05,311.84,349.72,355.83,333.64,358.53,348.58,389.85,1
frame_00154.jpg,396.12,111.22,388.4,231.58,395.27,318.94,331.9,380.84,318.82,384.32,331.49,415.48,1
frame_00155.jpg,397.31,112.12,384.8,236.75,356.56,328.66,293.16,393.46,278.87,399.03,301.62,424.13,1
frame_00156.jpg,397.38,109.26,385.22,234.15,347.94,323.91,277.46,389.19,261.33,394.49,279.17,411.76,1
frame_00157.jpg,389.54,110.37,383.55,231.3,346.93,317.53,272.66,386.18,257.11,389.42,273.39,416.61,1
frame_00158.jpg,390.72,106.86,384.93,231.33,346.39,313.4,268.62,375.83,254.13,377.81,266.77,417.03,1
frame_00159.jpg,389.52,106.3,382.23,229.11,344.25,313.82,265.67,373.45,249.72,376.69,256.81,411.79,1
frame_00160.jpg,391.83,103.2,385.6,225.61,347.85,312.09,253.46,363.34,241.66,363.6,243.41,406.49,1
frame_00161.jpg,392.59,102.39,384.68,227.68,346.66,314.32,254.21,354.4,241.19,352.53,238.91,389.75,1
frame_00162.jpg,395.82,103.13,386.11,228.08,348.65,312.93,256.44,345.35,242.82,343.53,237.6,380.34,1
frame_00163.jpg,399.75,108.28,386.04,226.98,345.25,316.19,254.77,333.22,246.66,329.3,242.61,360.76,1
frame_00164.jpg,394.21,112.06,386.58,229.38,349.22,313.64,252.33,328.83,243.74,324.2,239.2,353.62,1
frame_00165.jpg,393.99,117.72,387.75,232.96,347.97,317.65,256.58,323.82,247.95,319.12,252.01,352.78,1
frame_00166.jpg,398.75,111.88,386.24,230.2,350.39,318.66,260.8,315.81,252.62,308.42,253.56,336.67,1
frame_00167.jpg,400.29,114.39,381.61,229.07,353.97,319.23,264.88,310.19,255,299.54,236.32,331.06,1
frame_00168.jpg,394.51,115.98,380.91,230.6,355.86,304.56,267.15,307.31,258.52,298.39,239.97,328.66,1
frame_00169.jpg,398.55,117.01,383.26,232.42,355.99,316.6,271.43,303.6,266.58,295,249.35,324.85,1
frame_00170.jpg,395.91,120.01,383.6,228.9,365.48,306.96,281.5,302.14,276.64,290.17,263.04,326.86,1
frame_00171.jpg,400.45,124.3,379.47,228.33,386.43,304.8,299.87,300.89,291.47,290.96,268.58,324.51,1
frame_00172.jpg,402.02,123.53,381.26,236.73,395.89,313.07,304.71,301.91,297.47,291.72,271.56,327.04,1
frame_00173.jpg,398.62,123.17,375.8,237.73,402.68,334.6,310.56,302.53,303.37,292.16,280.74,332.1,1
frame_00174.jpg,400.12,122.02,381.38,230.41,415.14,317.69,318.88,307.66,307.79,297.35,287.96,338.11,1
frame_00175.jpg,398.98,122,379.41,230.48,415.99,325.62,328.96,310.06,320.76,299.59,303.29,340.84,1
frame_00176.jpg,396.7,121.83,381.23,238.38,420.56,327.3,333.65,315.31,324.74,306.04,314.29,352.13,1
frame_00177.jpg,398.62,120.87,379.58,230.82,416.28,327.16,339.77,318.61,331.56,310.61,324.45,353.17,1
frame_00178.jpg,396.24,117.65,379.51,232.42,430.19,318.08,343.77,321.12,334.54,312.93,329.43,349.16,1
frame_00179.jpg,391.73,112.34,370.57,231.24,428.31,308.37,352.99,341.17,342.85,338.84,353.65,386.97,1
frame_00180.jpg,395.24,113.59,373.98,234.27,444.07,303.56,360.26,347.34,346.71,345.74,365.92,386.33,1
frame_00181.jpg,391.08,108.07,375.2,228.75,424.72,305.44,361.99,349.76,349.82,348.76,373.66,387.58,1
frame_00182.jpg,393.75,105.94,374.04,230.65,423.71,312.69,356.35,352.1,328.9,363.36,352.22,400.78,1
frame_00183.jpg,384.83,101.4,374.12,226.92,383.83,319.25,302.25,386.28,267.78,396.19,304.19,423.42,1
frame_00184.jpg,386.67,97.88,373.6,225,388.26,318.8,296.77,372.96,279.16,374.24,292.63,408.72,1
frame_00185.jpg,386.35,96.2,372.53,219.19,433.26,307.65,360.45,370.39,341.61,372.99,370.54,404.82,1
frame_00186.jpg,384.62,95.2,374.87,221.02,466.24,285.04,417.53,376.51,401.97,388.81,451.7,406.53,1
frame_00187.jpg,383.71,92.53,377.07,216.79,465.08,287.47,430.66,389.3,416.32,401.71,444.34,420.34,1
frame_00188.jpg,384.93,91.77,381.85,214.28,418.7,316.26,359.15,381.77,342.94,388.9,372.18,409.18,1
frame_00189.jpg,383.82,92.08,379.1,214.96,392.75,310.76,304.18,351.86,287.8,353.24,301.2,379.65,1
frame_00190.jpg,382.27,91.28,377.34,213.02,354.21,309.85,282.08,344.23,265.08,345.91,274.33,370.54,1
frame_00191.jpg,381.01,92.15,374.14,215.07,369.21,304.33,275.06,338.49,259.61,341.49,267.18,358.79,1
frame_00192.jpg,384.31,93.4,375.09,217.35,343.86,311.07,261.72,339.15,236.89,322.04,237.01,359.33,1
frame_00193.jpg,386.66,94.52,374.68,215.68,344.65,310.83,251.05,317.37,240.79,313.42,232.15,353.2,1
frame_00194.jpg,386.77,95.09,373.96,217.85,341.07,312.95,246.41,312,235.29,305.24,225.93,342.18,1
frame_00195.jpg,388.19,98.76,374.29,216.27,348.33,315,262.5,316.57,249.52,296.98,236.36,334.64,1
frame_00196.jpg,385.18,100.34,373.54,221.99,350.59,312.55,261.53,300.5,254.49,292.43,233.01,332.05,1
frame_00197.jpg,384.19,104.42,368.2,221.36,348.61,312.56,264.99,307.01,255.06,288.54,237.51,326.39,1
frame_00198.jpg,385.62,106.49,368.22,224.85,358.37,304.08,266.41,302.22,262.22,284.3,243.06,323.94,1
frame_00199.jpg,384.41,111.15,365.22,224.9,369.25,292.8,278.44,285.82,275.65,280.61,257.17,319.11,1
frame_00200.jpg,387.79,114.64,364.54,228.01,386.51,302.53,284.86,292.74,278.28,287.8,263.66,323.78,1
frame_00201.jpg,389.66,112.75,361.43,227.62,396.12,309.19,308.7,329.24,293.94,325.56,295.24,357.06,1
frame_00202.jpg,386.45,114.5,363.99,233.19,415.55,332.3,355.28,377.82,342.6,376.04,355.06,417.12,1
frame_00203.jpg,390.05,114.39,370.33,233.73,416.79,335.64,366.71,384.28,353.72,382.08,363.09,421.93,1
frame_00204.jpg,394.52,117.14,374.45,232.99,414.16,325.09,327.43,322.71,313.25,297.81,304.08,344.68,1
frame_00205.jpg,389.67,114.09,372.9,231.47,411.97,328.98,336.34,314.23,322.05,296.35,311.77,340.01,1
frame_00206.jpg,394.2,114.36,374.44,219.37,422.66,314.73,333.25,312.26,326.62,299.49,318.86,338.15,1
frame_00207.jpg,391.06,110.29,374.63,228,412.67,320.04,348.98,341.86,337.41,336.21,339.98,370.18,1
frame_00208.jpg,394.85,107.27,381.58,227.5,422.11,310.12,353.02,339.03,338.88,335.4,348.66,367.66,1
frame_00209.jpg,389.36,110.58,378.79,230.25,369.14,320.74,329.38,376.56,316.88,379.3,335,410.76,1
frame_00210.jpg,393.07,111.72,383.18,224.81,394.64,305.99,343.23,362.83,330.87,366.27,348.53,393.57,1
frame_00211.jpg,388.49,109.9,378.68,234.25,344.85,328.17,277.68,392.19,261.49,398.66,277.91,415.04,1
frame_00212.jpg,385.59,110.69,377.12,233.1,342.91,323.33,270.94,393.24,256.2,395.41,273.71,419.34,1
frame_00213.jpg,387.3,110.42,379.81,229.72,342.41,315.01,267.84,385.28,252.67,388.9,266.6,413.42,1
frame_00214.jpg,390.78,108.17,382.17,232.73,339.56,313.07,262.76,380.78,248.81,384.72,259.6,406.35,1
frame_00215.jpg,385.2,105.65,380.78,228.11,339.45,311.38,253.69,367.94,241.28,367.73,244.99,412.68,1
frame_00216.jpg,389.31,103.28,380.48,225.45,343.93,308.63,253.64,359.28,239.53,358.74,240.64,402.11,1
frame_00217.jpg,386.6,102.53,380.61,227.36,343.04,312.49,248.26,353.97,234.69,352.58,233.04,389.78,1
frame_00218.jpg,393.4,101.66,384.56,226.85,345.99,310.82,249.27,345.83,236.46,344.18,232.6,383.85,1
frame_00219.jpg,391.01,103.86,378.87,226.64,340.68,314.08,247.36,334.13,234.3,330.88,232.47,361.09,1
frame_00220.jpg,392.73,101.5,383.69,224.31,343,309.46,247.76,327.73,235.56,324.93,233.82,351.35,1
frame_00221.jpg,392.85,107.32,384.31,227.17,343.08,309.86,250.71,321.09,241.49,317.14,231.13,347.04,1
frame_00222.jpg,391.89,108.48,381.82,224.29,341.03,313.58,251.71,315.01,244.59,309,234.83,334.2,1
frame_00223.jpg,395.4,111.35,380.5,229.75,348.49,318.47,257.69,307.37,248.21,299.65,231.8,327.62,1
frame_00224.jpg,392.05,110.9,378.08,226.61,350.28,297.25,261.54,306.31,251.72,297.77,233.2,327.76,1
frame_00225.jpg,397.18,116.05,382.62,230.59,358.84,307.32,266.76,301.35,259.95,291.45,238.96,325.9,1
frame_00226.jpg,394.91,116.56,384.76,233.18,362.54,325,273.93,302.76,268.18,295.38,245.09,326.34,1
frame_00227.jpg,394.71,122.39,379.45,229.94,380.9,303.39,293.38,300.81,286.26,289.7,265.38,322.79,1
frame_00228.jpg,395.1,123.56,377.93,232.05,387.56,310.72,297.27,303.3,289.51,288.3,267.27,325.74,1
frame_00229.jpg,398.27,123.12,379.63,236.59,396.26,317.85,303.37,302.49,295.42,290.04,273.26,329.46,1
frame_00230.jpg,396.97,121.53,378.49,233.85,409.93,331.4,313.8,306.34,303.57,296.99,283.53,337.6,1
frame_00231.jpg,395.24,124.49,379.41,237.73,418.28,331.34,322.73,308.61,313.27,294.52,297.53,343.39,1
frame_00232.jpg,391.44,123.77,375.02,238.4,424.67,317.97,331.3,311.33,320.62,301.04,305.59,347.7,1
frame_00233.jpg,392.14,120.81,374.91,236.11,413.19,328.88,329.9,321.17,321.13,311.06,314.37,356.49,1
frame_00234.jpg,398.2,118.83,378.44,229.67,425.65,321.89,341.67,326.46,330.68,322.9,331.98,367.56,1
frame_00235.jpg,393.65,115.57,373.59,233.49,438.82,313.88,351.69,362.85,334.08,359.93,347.41,399.69,1
frame_00236.jpg,396.98,113.83,375.08,235.4,443.56,300.91,361.88,345.01,349.99,344.93,363.83,385.25,1
frame_00237.jpg,392.37,113.52,377.56,230.8,401.67,313.43,349.54,359.91,338.82,359.92,360.48,393.74,1
frame_00238.jpg,394.36,108.5,378.89,229.5,446.34,300.2,363.88,351.54,345.11,354.59,373.57,390.36,1
frame_00239.jpg,386.34,100.83,372.14,227.74,406.02,314.77,331.01,381.46,313.63,384.81,333.57,418.31,1
frame_00240.jpg,385.66,99.41,371.37,228.01,459.3,288.5,398.62,368.1,362.25,380.95,398.05,404.97,1
frame_00241.jpg,383.95,97.01,373.57,224.68,461.79,284.29,410.88,373.64,394.91,385.57,443,407.58,1
frame_00242.jpg,383.52,95.87,373.77,222.9,465.02,287.51,419.35,378.52,402.64,391.76,451.45,410.86,1
frame_00243.jpg,382.08,93.65,373.16,217.4,464.71,285.83,439.41,391.6,424.97,404.8,475.72,416.4,1
frame_00244.jpg,383.37,94.03,377.61,216.39,460.98,294.07,446.98,401.08,436.98,416.43,489.11,423.03,1
frame_00245.jpg,381.99,95,373.17,217.03,458.34,294.51,453.97,398.87,440.31,413.17,493.03,412.77,1
frame_00246.jpg,380.82,95.42,374.68,217.96,457.91,296.38,460.13,402.93,449.53,421.01,503.8,412.2,1
frame_00247.jpg,383.13,96.07,376.39,222.59,453.72,304.11,474.31,404.76,463.17,421.71,508.36,434.62,1
frame_00248.jpg,385.5,95.78,376.65,223.21,451.36,307.95,450.18,409.43,437.45,420.8,489.7,432.59,1
frame_00249.jpg,387.88,96.67,377.02,220.8,341.88,315.91,259.08,334.44,233.68,318.08,232.72,356.72,1
frame_00250.jpg,386.64,96.7,373.42,219.21,341.38,310.09,248.79,322.5,235.02,309.5,224.52,349.28,1
frame_00251.jpg,387.44,99.76,374.87,222.13,347.36,317.19,264.73,312.98,248.54,294.52,238.11,332.84,1
frame_00252.jpg,387.19,101.24,374.41,223.82,370.82,310.21,284.43,326.15,270.82,324.32,275.53,347.46,1
frame_00253.jpg,386.23,104.75,365.99,213.94,352.06,313.91,265.35,298.29,257,291.03,239.26,329.32,1
frame_00254.jpg,386.29,107.63,371.69,228.53,366.75,308.93,269.08,304.79,261.21,286.3,239.96,328.06,1
frame_00255.jpg,385.81,113.35,369.83,230.42,373.24,310.97,277.09,291.34,271.83,282.56,255.03,322.57,1
frame_00256.jpg,386.06,112.52,363.63,218.76,385.06,301.34,288,295.89,281.6,287.77,268.29,322.52,1
frame_00257.jpg,387.83,117.81,359.93,229.88,391.07,321.06,333.59,362.88,320.07,364.52,336.44,389.24,1
frame_00258.jpg,386.68,117.64,363.7,237,393.88,313.9,294.31,304,286.04,307.19,272.49,338.69,1
frame_00259.jpg,389.09,117.19,365.76,236.29,417.23,333.21,355.94,375.92,341.13,373.94,352.65,414.28,1
frame_00260.jpg,390.99,117.98,372.73,231.83,412.48,325.57,337.44,339.35,324.05,332.19,306.24,351.91,1
frame_00261.jpg,392.24,115.79,372.7,232.78,414.78,313.31,326.61,307.68,316.51,294.77,305.67,337.45,1
frame_00262.jpg,391.3,116.01,373.04,226.21,423.08,319.61,348.73,328.89,336.02,320.01,324.21,354.95,1
frame_00263.jpg,392.7,110.08,376.52,219.94,408.21,313.92,351.84,347.14,339.56,344.7,349.89,374.91,1
frame_00264.jpg,391.42,107.69,377.15,223.7,417.74,312.92,346.56,338.78,339.82,335.76,346.66,370.81,1
frame_00265.jpg,388.25,108.36,376.63,223.99,400.77,303.89,355.61,354.88,345.26,354.19,366.84,386.95,1
frame_00266.jpg,390.06,109.08,376.68,225.43,393.58,310.23,345.12,359.47,333.08,361.04,351.45,390.99,1
frame_00267.jpg,387.11,109.69,376.03,232.69,351.77,329.9,285.67,398.59,270.69,400.72,295.5,435.36,1
frame_00268.jpg,386.82,108.98,378.73,228.79,349.79,322.05,280.55,388.24,264.97,388.71,285.74,406.28,1
frame_00269.jpg,388.55,107.07,381.32,229.62,342.97,317.3,273.51,385.42,260.71,388.88,272.56,407.82,1
frame_00270.jpg,385.48,104.94,378.88,227.08,341.95,315.28,269.62,380.64,255.64,383.9,272.88,410.35,1
frame_00271.jpg,386.88,103.13,380.99,225.82,341.31,308.83,260.85,369.75,247.04,374.13,253.62,414.7,1
frame_00272.jpg,383.44,101.13,377.98,224.99,339.18,307.82,256.26,366.34,243.51,369.9,247.77,402.64,1
frame_00273.jpg,386.73,99.74,381,225.4,342.54,310.25,254.89,360.28,240.58,359.6,244.56,397.83,1
frame_00274.jpg,387.41,100.7,380.8,224.94,342.14,309.85,250.37,351.19,237.3,349.58,235.89,388.24,1
frame_00275.jpg,386.57,102.23,382.93,225.47,343.3,309.04,248.52,336.42,234.82,334.77,233.09,365.87,1
frame_00276.jpg,386.16,102.92,379.69,225.19,342.96,310.86,249.45,331.57,236.49,330.28,235.75,354.16,1
frame_00277.jpg,388.01,100.52,382.03,222.18,345.49,307.29,257.45,324.02,244.05,321.69,236.91,350.48,1
frame_00278.jpg,386.07,105.17,379.97,224.45,343.14,308.89,255.09,320.32,246.62,315.41,238.1,336.11,1
frame_00279.jpg,387.87,106.63,380.29,225.62,352.23,312.16,260.01,310.54,250.44,302.01,234.59,334.59,1
frame_00280.jpg,387.01,107.53,378.42,222.53,345.79,292.95,259.35,308.14,252.01,300.14,237.83,327.53,1
frame_00281.jpg,388.06,109.18,377.28,225.57,355.46,298.01,266.41,304.13,260.55,297.17,242.31,326.65,1
frame_00282.jpg,390.9,112.44,375.44,228.47,354.59,296.42,268.97,303.9,263.28,294.32,245.54,325.7,1
frame_00283.jpg,390.13,116.07,372.05,230.1,380.16,300.87,287.51,300.2,283.07,294.86,262.3,323.28,1
frame_00284.jpg,393.25,118.16,374.85,230.58,378.22,303.77,293.19,301.09,283.2,296.81,269.69,329.02,1
frame_00285.jpg,389.91,116.11,371.35,232.96,406.62,318.9,303.82,303.82,296.07,294.55,269.41,334.51,1
frame_00286.jpg,386.37,117.68,368.82,231.68,402.91,312.6,310.63,302.01,299.64,292.05,280.81,332.43,1
frame_00287.jpg,388.14,121.97,372.4,233.98,413.59,317.07,324.96,303.57,314.11,291.27,298.79,338.82,1
frame_00288.jpg,388.06,119.61,371.53,235.12,417.73,323.48,330.28,310.15,318.55,298.49,305.93,346.73,1
frame_00289.jpg,388.17,119.24,372.48,233.11,420.36,324.1,337.59,315.63,326.92,306.47,318.72,352.95,1
frame_00290.jpg,387.71,118.08,371.94,231,427.29,314.84,339.29,328.7,327.8,329.95,327.2,365.14,1
frame_00291.jpg,383.55,113.96,368.87,230.65,426.28,306.74,353.93,327.64,341.75,325.22,354.01,364.56,1
frame_00292.jpg,389.31,116.17,370.25,233.39,442.7,298.89,363.88,340.5,352.94,351.3,366.12,382.22,1
frame_00293.jpg,382.23,110.62,370.39,231.66,432.66,303.69,360.7,345.86,347.2,344.75,372.94,382.23,1
frame_00294.jpg,383.43,108.1,374.47,224.71,455.3,294.11,371.17,345.91,353.68,345.4,378.89,383.14,1
frame_00295.jpg,379.45,102.3,370.45,228.3,452.09,284.69,388.4,362.28,369.54,367.64,394,411.72,1
frame_00296.jpg,376.72,100.58,365.43,225.77,345.3,318.54,274.12,392.27,259.45,398.51,284.53,430.23,1
frame_00297.jpg,376.43,98.36,368.17,222.88,337.61,316.4,270.99,386.83,256.68,392.34,276.75,425.03,1
frame_00298.jpg,377.14,96.4,367.6,219.7,339.61,311.26,271.09,373.9,265.98,375.44,272.87,404.35,1
frame_00299.jpg,375.12,95.05,371.49,221.28,460.29,284.17,416.75,392.32,419.04,397.51,442.1,422.21,1
frame_00300.jpg,374.99,95.44,372.36,218.69,460.91,286.76,447.08,389.27,437.41,402.11,489.89,410.28,1
frame_00301.jpg,376.88,93.06,373.74,216.96,458.45,287.19,455.58,393.7,447.15,414.14,499.51,407.51,1
frame_00302.jpg,375.09,95.04,369.12,216.74,381.27,309.94,322.82,370.73,309.42,380.03,331.21,392.15,1
frame_00303.jpg,376.9,93.74,375.67,221.13,453.29,297.87,437.66,396.99,423.03,408.87,472.53,420.29,1
frame_00304.jpg,374.18,93.23,374.26,221.31,451.52,301.93,475.03,399.86,469.67,418.05,516.01,412.01,1
frame_00305.jpg,374.81,92.7,371.03,220.03,344.13,310.28,247.54,331.1,229.79,319.51,226.12,361.91,1
frame_00306.jpg,377.38,94.91,373.06,221.13,341.69,311.1,244.87,325.01,229.28,311.57,222.7,353.11,1
frame_00307.jpg,377.13,98.73,368.88,220.28,344.12,315.31,252.75,318.69,241.47,304.97,229.9,339.41,1
frame_00308.jpg,377.51,100.41,372.06,222.63,347.02,316.93,258.46,306.99,247.38,301.67,234.33,336.98,1
frame_00309.jpg,375.75,104.54,370.79,224.16,351.28,318.55,270.08,322.08,257.55,321.18,260.65,341.98,1
frame_00310.jpg,377.32,105.82,368.82,225.96,352.57,317.06,268.53,310.18,257.91,302.96,247.7,334.87,1
frame_00311.jpg,377.43,110.13,364.75,228.43,365.23,304.11,275.97,292.97,271.02,286.73,253.57,324.89,1
frame_00312.jpg,378.3,113.36,369.44,236.37,379.86,310.44,299.46,331.46,286.67,329.58,289.13,355.71,1
frame_00313.jpg,374.52,113.03,354.86,223.9,369.76,306.47,309.7,335.1,298.07,336.3,307.34,355.55,1
frame_00314.jpg,378.21,116.46,361.16,235.52,418.41,348.01,378.63,402.54,366.31,404.03,389.4,436.24,1
frame_00315.jpg,381.61,116.23,361.87,234.25,415.88,334.03,364.91,387.18,351.7,385.9,365.12,425.68,1
frame_00316.jpg,382.38,117.06,361.62,231.28,407.58,322.35,322.05,336.61,305.47,309.85,298.11,354.66,1
frame_00317.jpg,382.78,117.25,368.11,235.72,412.3,318.91,321.64,315.76,309.46,298.4,305.26,348.36,1
frame_00318.jpg,387.98,116.77,369.25,229.82,416.64,311.21,359.28,358.04,344.96,358.08,361.71,390.61,1
frame_00319.jpg,386.31,113.06,367.7,231.79,419.21,325.07,349.66,356.41,335.98,352.89,341.56,386.11,1
